{"cameraMode":{"drawMode":0,"name":"Shaded","section":"Shading Mode"},"sceneLighting":false,"audioPlay":false,"sceneViewState":{"showFog":true,"showMaterialUpdate":false,"showSkybox":false,"showFlares":true,"showImageEffects":true,"showParticleSystems":true},"in2DMode":false,"pivot":{"x":5.960464477539063e-7,"y":0.9884127378463745,"z":0.0},"rotation":{"x":-0.15387216210365296,"y":-0.013338910415768624,"z":0.002077414421364665,"w":-0.9879985451698303},"size":4.5007243156433109,"orthographic":false}