{"cameraMode":{"drawMode":0,"name":"Shaded","section":"Shading Mode"},"sceneLighting":false,"audioPlay":false,"sceneViewState":{"showFog":true,"showMaterialUpdate":false,"showSkybox":false,"showFlares":true,"showImageEffects":true,"showParticleSystems":true},"in2DMode":false,"pivot":{"x":0.5216765403747559,"y":1.005147933959961,"z":-0.20008468627929688},"rotation":{"x":-0.007829250767827034,"y":-0.9898527264595032,"z":0.12840411067008973,"w":-0.06035489961504936},"size":6.233453750610352,"orthographic":false}